"User","corr","Pretest2","Pretest"
"us13A12",0.606060606060606,"H",5
"us13B05",0.608289550496205,"H",5
"us13C06",0.691358024691358,"H",6
"us13C05",0.615324776351614,"H",7
"us13C12",0.603174603174603,"H",7
