"User","corr","Pretest2","Pretest"
"us13C09",0.659090909090909,"L",0
"us13C08",0.625719769673705,"L",2
"us13A01",0.66464339908953,"L",3
"us13C13",0.662721893491124,"L",3
"us13B15",0.610085227272728,"L",4
"us13A12",0.606060606060606,"H",5
"us13B05",0.608289550496205,"H",5
"us13C06",0.691358024691358,"H",6
"us13C05",0.615324776351614,"H",7
"us13C12",0.603174603174603,"H",7
